{
  "project_info": {
    "project_number": "240391447729",
    "firebase_url": "https://health-app-2ecd7-default-rtdb.firebaseio.com",
    "project_id": "health-app-2ecd7",
    "storage_bucket": "health-app-2ecd7.appspot.com"
  },
  "client": [
    {
      "client_info": {
        "mobilesdk_app_id": "1:240391447729:android:377665d9f2621fbeff6e90",
        "android_client_info": {
          "package_name": "com.app.healthapp"
        }
      },
      "oauth_client": [
        {
          "client_id": "240391447729-cfvgg7i5mjk5iank0ttktfvnklttbtej.apps.googleusercontent.com",
          "client_type": 3
        }
      ],
      "api_key": [
        {
          "current_key": "AIzaSyC4GUV-q6k503_ItRRzLSNOhW1U69-W_HA"
        }
      ],
      "services": {
        "appinvite_service": {
          "other_platform_oauth_client": [
            {
              "client_id": "240391447729-cfvgg7i5mjk5iank0ttktfvnklttbtej.apps.googleusercontent.com",
              "client_type": 3
            }
          ]
        }
      }
    }
  ],
  "configuration_version": "1"
}